date;id;nick;status;age;sex;location;followers;pic;url
21-01-28<br>22:24:51;4905634;ericka75001;Message sent OK;41;woman;Paris, France;2;;https://www.wyylde.com/search-result/4905634/profil
21-01-28<br>22:24:59;4905634;ericka75001;Message has already been sent to this user;41;woman;Paris, France;2;http:;https://www.wyylde.com/search-result/4905634/profil
21-01-28<br>22:41:50;4905634;ericka75001;Message has already been sent to this user;41;woman;Paris, France;2;http:;https://www.wyylde.com/search-result/4905634/profil
21-01-29<br>01:08:51;4905634;ericka75001;Message has already been sent to this user;41;woman;Paris, France;2;http:;https://www.wyylde.com/search-result/4905634/profil
date;id;nick;status;age;sex;location;followers;pic;url
21-01-28<br>22:24:51;4905634;ericka75001;Message sent OK;41;woman;Paris, France;2;;https://www.wyylde.com/search-result/4905634/profil
21-01-28<br>22:24:59;4905634;ericka75001;Message has already been sent to this user;41;woman;Paris, France;2;http:;https://www.wyylde.com/search-result/4905634/profil
21-01-28<br>22:41:50;4905634;ericka75001;Message has already been sent to this user;41;woman;Paris, France;2;http:;https://www.wyylde.com/search-result/4905634/profil
21-01-29<br>01:08:51;4905634;ericka75001;Message has already been sent to this user;41;woman;Paris, France;2;http:;https://www.wyylde.com/search-result/4905634/profil
date;id;nick;status;age;sex;location;followers;pic;url
21-01-28<br>22:24:51;4905634;ericka75001;Message sent OK;41;woman;Paris, France;2;;https://www.wyylde.com/search-result/4905634/profil
21-01-28<br>22:24:59;4905634;ericka75001;Message has already been sent to this user;41;woman;Paris, France;2;http:;https://www.wyylde.com/search-result/4905634/profil
21-01-28<br>22:41:50;4905634;ericka75001;Message has already been sent to this user;41;woman;Paris, France;2;http:;https://www.wyylde.com/search-result/4905634/profil
21-01-29<br>01:08:51;4905634;ericka75001;Message has already been sent to this user;41;woman;Paris, France;2;http:;https://www.wyylde.com/search-result/4905634/profil
21-01-29<br>01:18:02;3191049;sara.lopez;Message sent OK;27;woman;París, Francia;63;http://d17wq9nwqw5p5.cloudfront.net/members/3191049/photos/a3f4a9ac08bd320a1e7b9992debc249fd.4f3e6566.jpg/4adf609d0e689acfa57b6abdb68a91ab.180x.jpg;https://www.wyylde.com/search-result/3191049/profil
21-01-29<br>01:18:11;3191049;sara.lopez;Message sent OK;27;woman;París, Francia;63;http://d17wq9nwqw5p5.cloudfront.net/members/3191049/photos/a3f4a9ac08bd320a1e7b9992debc249fd.4f3e6566.jpg/4adf609d0e689acfa57b6abdb68a91ab.180x.jpg;https://www.wyylde.com/search-result/3191049/profil
21-01-29<br>01:18:20;3191049;sara.lopez;Message sent OK;27;woman;París, Francia;63;http://d17wq9nwqw5p5.cloudfront.net/members/3191049/photos/a3f4a9ac08bd320a1e7b9992debc249fd.4f3e6566.jpg/4adf609d0e689acfa57b6abdb68a91ab.180x.jpg;https://www.wyylde.com/search-result/3191049/profil
21-01-29<br>01:18:27;3191049;sara.lopez;Message sent OK;27;woman;París, Francia;63;http://d17wq9nwqw5p5.cloudfront.net/members/3191049/photos/a3f4a9ac08bd320a1e7b9992debc249fd.4f3e6566.jpg/4adf609d0e689acfa57b6abdb68a91ab.180x.jpg;https://www.wyylde.com/search-result/3191049/profil
21-01-29<br>01:18:34;3191049;sara.lopez;Message sent OK;27;woman;París, Francia;63;http://d17wq9nwqw5p5.cloudfront.net/members/3191049/photos/a3f4a9ac08bd320a1e7b9992debc249fd.4f3e6566.jpg/4adf609d0e689acfa57b6abdb68a91ab.180x.jpg;https://www.wyylde.com/search-result/3191049/profil
date;id;nick;status;age;sex;location;followers;pic;url
21-01-28<br>22:24:51;4905634;ericka75001;Message sent OK;41;woman;Paris, France;2;;https://www.wyylde.com/search-result/4905634/profil
21-01-28<br>22:24:59;4905634;ericka75001;Message has already been sent to this user;41;woman;Paris, France;2;http:;https://www.wyylde.com/search-result/4905634/profil
21-01-28<br>22:41:50;4905634;ericka75001;Message has already been sent to this user;41;woman;Paris, France;2;http:;https://www.wyylde.com/search-result/4905634/profil
21-01-29<br>01:08:51;4905634;ericka75001;Message has already been sent to this user;41;woman;Paris, France;2;http:;https://www.wyylde.com/search-result/4905634/profil
21-01-29<br>01:18:02;3191049;sara.lopez;Message sent OK;27;woman;París, Francia;63;http://d17wq9nwqw5p5.cloudfront.net/members/3191049/photos/a3f4a9ac08bd320a1e7b9992debc249fd.4f3e6566.jpg/4adf609d0e689acfa57b6abdb68a91ab.180x.jpg;https://www.wyylde.com/search-result/3191049/profil
21-01-29<br>01:18:11;3191049;sara.lopez;Message sent OK;27;woman;París, Francia;63;http://d17wq9nwqw5p5.cloudfront.net/members/3191049/photos/a3f4a9ac08bd320a1e7b9992debc249fd.4f3e6566.jpg/4adf609d0e689acfa57b6abdb68a91ab.180x.jpg;https://www.wyylde.com/search-result/3191049/profil
21-01-29<br>01:18:20;3191049;sara.lopez;Message sent OK;27;woman;París, Francia;63;http://d17wq9nwqw5p5.cloudfront.net/members/3191049/photos/a3f4a9ac08bd320a1e7b9992debc249fd.4f3e6566.jpg/4adf609d0e689acfa57b6abdb68a91ab.180x.jpg;https://www.wyylde.com/search-result/3191049/profil
21-01-29<br>01:18:27;3191049;sara.lopez;Message sent OK;27;woman;París, Francia;63;http://d17wq9nwqw5p5.cloudfront.net/members/3191049/photos/a3f4a9ac08bd320a1e7b9992debc249fd.4f3e6566.jpg/4adf609d0e689acfa57b6abdb68a91ab.180x.jpg;https://www.wyylde.com/search-result/3191049/profil
21-01-29<br>01:18:34;3191049;sara.lopez;Message sent OK;27;woman;París, Francia;63;http://d17wq9nwqw5p5.cloudfront.net/members/3191049/photos/a3f4a9ac08bd320a1e7b9992debc249fd.4f3e6566.jpg/4adf609d0e689acfa57b6abdb68a91ab.180x.jpg;https://www.wyylde.com/search-result/3191049/profil
21-01-29<br>01:20:57;3191049;sara.lopez;Message has already been sent to this user;27;woman;París, Francia;63;http://d17wq9nwqw5p5.cloudfront.net/members/3191049/photos/a3f4a9ac08bd320a1e7b9992debc249fd.4f3e6566.jpg/4adf609d0e689acfa57b6abdb68a91ab.180x.jpg;https://www.wyylde.com/search-result/3191049/profil
date;id;nick;status;age;sex;location;followers;pic;url
21-01-28<br>22:24:51;4905634;ericka75001;Message sent OK;41;woman;Paris, France;2;;https://www.wyylde.com/search-result/4905634/profil
21-01-28<br>22:24:59;4905634;ericka75001;Message has already been sent to this user;41;woman;Paris, France;2;http:;https://www.wyylde.com/search-result/4905634/profil
21-01-28<br>22:41:50;4905634;ericka75001;Message has already been sent to this user;41;woman;Paris, France;2;http:;https://www.wyylde.com/search-result/4905634/profil
21-01-29<br>01:08:51;4905634;ericka75001;Message has already been sent to this user;41;woman;Paris, France;2;http:;https://www.wyylde.com/search-result/4905634/profil
21-01-29<br>01:18:02;3191049;sara.lopez;Message sent OK;27;woman;París, Francia;63;http://d17wq9nwqw5p5.cloudfront.net/members/3191049/photos/a3f4a9ac08bd320a1e7b9992debc249fd.4f3e6566.jpg/4adf609d0e689acfa57b6abdb68a91ab.180x.jpg;https://www.wyylde.com/search-result/3191049/profil
21-01-29<br>01:18:11;3191049;sara.lopez;Message sent OK;27;woman;París, Francia;63;http://d17wq9nwqw5p5.cloudfront.net/members/3191049/photos/a3f4a9ac08bd320a1e7b9992debc249fd.4f3e6566.jpg/4adf609d0e689acfa57b6abdb68a91ab.180x.jpg;https://www.wyylde.com/search-result/3191049/profil
21-01-29<br>01:18:20;3191049;sara.lopez;Message sent OK;27;woman;París, Francia;63;http://d17wq9nwqw5p5.cloudfront.net/members/3191049/photos/a3f4a9ac08bd320a1e7b9992debc249fd.4f3e6566.jpg/4adf609d0e689acfa57b6abdb68a91ab.180x.jpg;https://www.wyylde.com/search-result/3191049/profil
21-01-29<br>01:18:27;3191049;sara.lopez;Message sent OK;27;woman;París, Francia;63;http://d17wq9nwqw5p5.cloudfront.net/members/3191049/photos/a3f4a9ac08bd320a1e7b9992debc249fd.4f3e6566.jpg/4adf609d0e689acfa57b6abdb68a91ab.180x.jpg;https://www.wyylde.com/search-result/3191049/profil
21-01-29<br>01:18:34;3191049;sara.lopez;Message sent OK;27;woman;París, Francia;63;http://d17wq9nwqw5p5.cloudfront.net/members/3191049/photos/a3f4a9ac08bd320a1e7b9992debc249fd.4f3e6566.jpg/4adf609d0e689acfa57b6abdb68a91ab.180x.jpg;https://www.wyylde.com/search-result/3191049/profil
21-01-29<br>01:20:57;3191049;sara.lopez;Message has already been sent to this user;27;woman;París, Francia;63;http://d17wq9nwqw5p5.cloudfront.net/members/3191049/photos/a3f4a9ac08bd320a1e7b9992debc249fd.4f3e6566.jpg/4adf609d0e689acfa57b6abdb68a91ab.180x.jpg;https://www.wyylde.com/search-result/3191049/profil
date;id;nick;status;age;sex;location;followers;pic;url
21-01-28<br>22:24:51;4905634;ericka75001;Message sent OK;41;woman;Paris, France;2;;https://www.wyylde.com/search-result/4905634/profil
21-01-28<br>22:24:59;4905634;ericka75001;Message has already been sent to this user;41;woman;Paris, France;2;http:;https://www.wyylde.com/search-result/4905634/profil
21-01-28<br>22:41:50;4905634;ericka75001;Message has already been sent to this user;41;woman;Paris, France;2;http:;https://www.wyylde.com/search-result/4905634/profil
21-01-29<br>01:08:51;4905634;ericka75001;Message has already been sent to this user;41;woman;Paris, France;2;http:;https://www.wyylde.com/search-result/4905634/profil
21-01-29<br>01:18:02;3191049;sara.lopez;Message sent OK;27;woman;París, Francia;63;http://d17wq9nwqw5p5.cloudfront.net/members/3191049/photos/a3f4a9ac08bd320a1e7b9992debc249fd.4f3e6566.jpg/4adf609d0e689acfa57b6abdb68a91ab.180x.jpg;https://www.wyylde.com/search-result/3191049/profil
21-01-29<br>01:18:11;3191049;sara.lopez;Message sent OK;27;woman;París, Francia;63;http://d17wq9nwqw5p5.cloudfront.net/members/3191049/photos/a3f4a9ac08bd320a1e7b9992debc249fd.4f3e6566.jpg/4adf609d0e689acfa57b6abdb68a91ab.180x.jpg;https://www.wyylde.com/search-result/3191049/profil
21-01-29<br>01:18:20;3191049;sara.lopez;Message sent OK;27;woman;París, Francia;63;http://d17wq9nwqw5p5.cloudfront.net/members/3191049/photos/a3f4a9ac08bd320a1e7b9992debc249fd.4f3e6566.jpg/4adf609d0e689acfa57b6abdb68a91ab.180x.jpg;https://www.wyylde.com/search-result/3191049/profil
21-01-29<br>01:18:27;3191049;sara.lopez;Message sent OK;27;woman;París, Francia;63;http://d17wq9nwqw5p5.cloudfront.net/members/3191049/photos/a3f4a9ac08bd320a1e7b9992debc249fd.4f3e6566.jpg/4adf609d0e689acfa57b6abdb68a91ab.180x.jpg;https://www.wyylde.com/search-result/3191049/profil
21-01-29<br>01:18:34;3191049;sara.lopez;Message sent OK;27;woman;París, Francia;63;http://d17wq9nwqw5p5.cloudfront.net/members/3191049/photos/a3f4a9ac08bd320a1e7b9992debc249fd.4f3e6566.jpg/4adf609d0e689acfa57b6abdb68a91ab.180x.jpg;https://www.wyylde.com/search-result/3191049/profil
21-01-29<br>01:20:57;3191049;sara.lopez;Message has already been sent to this user;27;woman;París, Francia;63;http://d17wq9nwqw5p5.cloudfront.net/members/3191049/photos/a3f4a9ac08bd320a1e7b9992debc249fd.4f3e6566.jpg/4adf609d0e689acfa57b6abdb68a91ab.180x.jpg;https://www.wyylde.com/search-result/3191049/profil
date;id;nick;status;age;sex;location;followers;pic;url
21-01-28<br>22:24:51;4905634;ericka75001;Message sent OK;41;woman;Paris, France;2;;https://www.wyylde.com/search-result/4905634/profil
21-01-28<br>22:24:59;4905634;ericka75001;Message has already been sent to this user;41;woman;Paris, France;2;http:;https://www.wyylde.com/search-result/4905634/profil
21-01-28<br>22:41:50;4905634;ericka75001;Message has already been sent to this user;41;woman;Paris, France;2;http:;https://www.wyylde.com/search-result/4905634/profil
21-01-29<br>01:08:51;4905634;ericka75001;Message has already been sent to this user;41;woman;Paris, France;2;http:;https://www.wyylde.com/search-result/4905634/profil
21-01-29<br>01:18:02;3191049;sara.lopez;Message sent OK;27;woman;París, Francia;63;http://d17wq9nwqw5p5.cloudfront.net/members/3191049/photos/a3f4a9ac08bd320a1e7b9992debc249fd.4f3e6566.jpg/4adf609d0e689acfa57b6abdb68a91ab.180x.jpg;https://www.wyylde.com/search-result/3191049/profil
21-01-29<br>01:18:11;3191049;sara.lopez;Message sent OK;27;woman;París, Francia;63;http://d17wq9nwqw5p5.cloudfront.net/members/3191049/photos/a3f4a9ac08bd320a1e7b9992debc249fd.4f3e6566.jpg/4adf609d0e689acfa57b6abdb68a91ab.180x.jpg;https://www.wyylde.com/search-result/3191049/profil
21-01-29<br>01:18:20;3191049;sara.lopez;Message sent OK;27;woman;París, Francia;63;http://d17wq9nwqw5p5.cloudfront.net/members/3191049/photos/a3f4a9ac08bd320a1e7b9992debc249fd.4f3e6566.jpg/4adf609d0e689acfa57b6abdb68a91ab.180x.jpg;https://www.wyylde.com/search-result/3191049/profil
21-01-29<br>01:18:27;3191049;sara.lopez;Message sent OK;27;woman;París, Francia;63;http://d17wq9nwqw5p5.cloudfront.net/members/3191049/photos/a3f4a9ac08bd320a1e7b9992debc249fd.4f3e6566.jpg/4adf609d0e689acfa57b6abdb68a91ab.180x.jpg;https://www.wyylde.com/search-result/3191049/profil
21-01-29<br>01:18:34;3191049;sara.lopez;Message sent OK;27;woman;París, Francia;63;http://d17wq9nwqw5p5.cloudfront.net/members/3191049/photos/a3f4a9ac08bd320a1e7b9992debc249fd.4f3e6566.jpg/4adf609d0e689acfa57b6abdb68a91ab.180x.jpg;https://www.wyylde.com/search-result/3191049/profil
21-01-29<br>01:20:57;3191049;sara.lopez;Message has already been sent to this user;27;woman;París, Francia;63;http://d17wq9nwqw5p5.cloudfront.net/members/3191049/photos/a3f4a9ac08bd320a1e7b9992debc249fd.4f3e6566.jpg/4adf609d0e689acfa57b6abdb68a91ab.180x.jpg;https://www.wyylde.com/search-result/3191049/profil
